state,city_slug,city_name,assigned_in_city,within_30mi,bluecross_blueshield,aetna,cigna,united_healthcare,humana,ambetter,optum,anthem,live
new-york,new-york,New York,113,711,82,88,75,69,31,27,38,49,f
new-york,staten-island,Staten Island,21,697,81,89,74,69,31,34,36,45,f
new-york,brooklyn,Brooklyn,93,694,81,89,75,70,31,30,37,45,f
new-jersey,newark,Newark,20,691,77,85,71,64,30,30,35,43,f
new-york,bronx,Bronx,77,686,77,81,69,66,29,24,34,47,f
new-york,jamaica,Jamaica,15,673,75,80,68,64,28,24,33,45,f
new-jersey,paterson,Paterson,11,652,73,81,67,62,25,25,34,44,f
new-york,far-rockaway,Far Rockaway,10,638,69,75,63,60,26,22,29,37,f
maryland,columbia,Columbia,13,478,54,45,45,38,21,3,22,13,f
california,torrance,Torrance,13,472,87,71,72,46,36,2,51,60,f
california,los-angeles,Los Angeles,81,470,80,63,67,42,35,1,53,58,f
california,pasadena,Pasadena,23,440,63,49,54,31,32,2,40,41,f
maryland,glen-burnie,Glen Burnie,17,438,48,42,41,32,15,2,17,9,f
california,anaheim,Anaheim,17,433,88,67,67,46,37,3,53,64,f
connecticut,stamford,Stamford,10,433,49,45,43,45,27,3,20,54,f
maryland,silver-spring,Silver Spring,10,431,56,51,50,46,29,3,29,21,f
california,long-beach,Long Beach,20,427,76,55,58,38,28,2,50,54,f
illinois,chicago,Chicago,194,405,53,48,41,28,37,65,20,17,t
maryland,hyattsville,Hyattsville,13,393,52,47,46,42,29,3,29,21,f
maryland,baltimore,Baltimore,152,378,41,34,34,23,9,1,10,3,f
california,san-pedro,San Pedro,12,369,61,47,51,31,25,2,38,42,f
maryland,dundalk,Dundalk,10,368,42,35,36,20,11,1,13,3,f
california,huntington-beach,Huntington Beach,11,353,75,57,58,39,30,2,46,57,f
california,santa-ana,Santa Ana,14,346,78,59,59,39,33,3,45,57,f
maryland,rockville,Rockville,16,334,50,46,45,41,28,3,29,22,t
pennsylvania,philadelphia,Philadelphia,87,309,50,52,40,42,12,44,37,15,f
california,malibu,Malibu,32,299,78,60,56,39,33,0,52,58,f
california,costa-mesa,Costa Mesa,17,298,72,54,55,37,28,2,44,54,f
california,newport-beach,Newport Beach,17,292,72,54,55,37,28,2,44,54,f
district-of-columbia,washington,Washington,34,288,45,42,42,37,28,3,28,22,f
new-jersey,cherry-hill,Cherry Hill,18,288,48,50,39,38,12,39,33,16,f
maryland,westminster,Westminster,15,285,28,23,24,21,6,1,6,2,f
california,simi-valley,Simi Valley,83,265,73,56,53,38,32,0,49,56,t
arizona,phoenix,Phoenix,34,259,40,42,32,29,26,34,17,11,f
california,thousand-oaks,Thousand Oaks,21,257,69,53,50,35,29,0,47,54,t
virginia,arlington,Arlington,12,253,40,39,39,35,26,2,28,22,f
new-jersey,trenton,Trenton,14,250,41,42,33,32,13,33,27,14,f
arizona,glendale,Glendale,87,249,38,40,30,27,24,33,15,10,t
arizona,chandler,Chandler,33,246,36,38,29,25,23,36,16,8,t
minnesota,minneapolis,Minneapolis,100,244,30,19,14,15,10,1,26,7,t
arizona,gilbert,Gilbert,48,241,37,39,30,26,24,33,16,8,t
minnesota,saint-paul,Saint Paul,69,238,30,19,14,14,10,1,27,7,f
utah,west-jordan,West Jordan,14,238,28,26,20,25,11,4,24,6,f
illinois,elgin,Elgin,11,236,36,32,29,14,25,38,19,14,f
arizona,peoria,Peoria,15,235,33,35,26,23,21,31,13,10,t
arizona,avondale,Avondale,11,232,32,34,25,22,21,30,13,9,t
utah,salt-lake-city,Salt Lake City,93,232,31,30,24,24,14,4,26,6,f
illinois,joliet,Joliet,16,221,24,20,17,11,13,36,7,8,f
delaware,wilmington,Wilmington,15,219,26,27,22,25,6,26,19,8,f
massachusetts,brockton,Brockton,12,215,34,29,27,28,10,4,20,11,f
massachusetts,lowell,Lowell,11,210,32,26,23,21,12,16,12,9,f
massachusetts,boston,Boston,18,206,38,34,30,27,9,2,19,9,f
illinois,aurora,Aurora,11,205,24,21,18,13,13,29,7,6,f
utah,orem,Orem,24,191,23,22,17,23,9,3,20,5,f
california,san-juan-capistrano,San Juan Capistrano,13,186,63,49,44,36,24,2,38,51,f
california,laguna-beach,Laguna Beach,10,181,64,50,46,36,24,2,39,51,f
colorado,denver,Denver,76,177,33,22,23,19,13,2,7,22,f
florida,fort-lauderdale,Fort Lauderdale,45,173,25,28,27,23,16,38,14,12,t
florida,hollywood,Hollywood,15,172,22,25,25,20,16,41,13,9,t
maryland,waldorf,Waldorf,12,167,24,23,24,22,16,2,18,14,f
connecticut,bridgeport,Bridgeport,17,165,11,9,13,8,7,2,7,48,f
colorado,aurora,Aurora,14,163,27,21,19,15,9,2,6,18,t
colorado,englewood,Englewood,19,160,27,20,19,15,9,2,6,18,f
ohio,beachwood,Beachwood,12,160,11,14,6,8,10,30,5,11,f
michigan,detroit,Detroit,49,160,14,11,13,11,11,18,11,9,f
connecticut,waterbury,Waterbury,16,160,5,5,6,3,3,0,3,46,f
ohio,cleveland,Cleveland,58,159,13,16,9,9,11,33,7,13,f
indiana,merrillville,Merrillville,13,156,17,16,12,4,7,34,7,13,f
ohio,akron,Akron,29,152,11,13,6,7,10,30,4,11,f
ohio,hamilton,Hamilton,12,152,16,18,7,13,16,25,7,16,f
utah,provo,Provo,17,146,18,17,15,18,8,3,15,5,f
florida,delray-beach,Delray Beach,17,146,28,28,27,19,12,25,11,16,f
washington,seattle,Seattle,39,145,18,15,16,12,6,40,9,5,f
florida,miami,Miami,70,144,13,15,16,14,12,36,10,2,f
washington,bellevue,Bellevue,12,141,16,13,14,11,5,39,8,5,f
ohio,cincinnati,Cincinnati,55,140,16,17,7,13,16,24,7,16,f
georgia,atlanta,Atlanta,45,138,17,12,13,9,10,23,9,11,t
connecticut,hartford,Hartford,15,138,7,6,4,5,3,0,5,19,f
colorado,boulder,Boulder,11,137,30,16,20,18,12,2,5,19,t
georgia,decatur,Decatur,11,135,16,11,12,9,10,23,9,10,f
california,oakland,Oakland,13,134,14,7,8,4,4,1,11,12,f
massachusetts,fall-river,Fall River,13,133,20,13,11,16,5,3,12,6,f
connecticut,new-haven,New Haven,20,133,8,7,9,5,4,0,5,44,f
rhode-island,providence,Providence,16,133,21,14,12,16,5,3,13,8,f
california,san-francisco,San Francisco,37,127,14,8,6,3,2,1,11,13,f
pennsylvania,pittsburgh,Pittsburgh,44,126,24,23,22,13,14,18,20,15,f
georgia,marietta,Marietta,10,123,17,12,13,9,9,20,9,10,f
ohio,columbus,Columbus,77,122,10,14,6,9,8,21,5,9,f
maryland,frederick,Frederick,22,121,10,8,8,10,4,1,5,4,f
florida,lake-worth,Lake Worth,13,121,27,27,24,19,11,20,9,15,f
new-hampshire,nashua,Nashua,11,119,19,14,12,9,7,17,5,7,f
california,escondido,Escondido,51,116,20,14,16,13,11,3,12,17,t
texas,houston,Houston,73,115,23,16,20,12,15,25,14,3,f
washington,tacoma,Tacoma,18,114,12,12,13,9,5,32,11,3,f
massachusetts,new-bedford,New Bedford,12,110,15,8,6,12,3,2,7,3,f
texas,dallas,Dallas,12,107,22,22,16,16,11,13,7,3,f
california,san-diego,San Diego,20,106,17,12,13,11,8,2,9,14,f
texas,denton,Denton,41,104,18,20,14,13,8,14,6,3,t
pennsylvania,washington,Washington,13,103,16,16,15,7,11,16,14,12,f
indiana,indianapolis,Indianapolis,72,101,11,3,3,3,1,12,1,8,f
ohio,canton,Canton,18,101,10,13,6,5,9,20,4,10,f
idaho,nampa,Nampa,22,99,21,18,14,14,7,4,14,5,t
california,riverside,Riverside,59,99,28,13,9,2,10,1,17,18,t
massachusetts,worcester,Worcester,26,98,12,10,10,8,6,1,6,4,f
idaho,meridian,Meridian,15,98,21,18,14,14,7,4,14,5,f
florida,west-palm-beach,West Palm Beach,31,98,23,23,19,18,10,15,9,12,f
idaho,boise,Boise,45,98,21,18,14,14,7,4,14,5,f
oregon,portland,Portland,48,97,11,11,11,9,7,7,7,6,t
nevada,las-vegas,Las Vegas,84,97,14,14,13,10,7,22,9,11,f
washington,vancouver,Vancouver,11,96,11,11,11,9,7,7,7,6,f
pennsylvania,greensburg,Greensburg,12,95,12,14,14,8,7,13,12,8,f
florida,tampa,Tampa,16,94,23,22,21,17,19,25,15,14,f
massachusetts,springfield,Springfield,16,94,5,4,3,5,2,0,3,8,f
kansas,overland-park,Overland Park,10,93,10,10,10,10,7,21,10,7,t
missouri,saint-louis,Saint Louis,45,93,6,6,6,6,5,9,3,4,f
kentucky,louisville,Louisville,48,93,0,0,0,0,0,13,0,0,f
indiana,jeffersonville,Jeffersonville,13,93,0,0,0,0,0,13,0,0,f
ohio,warren,Warren,14,92,4,6,3,1,2,21,2,2,f
ohio,dayton,Dayton,40,91,7,10,3,8,7,17,3,7,f
new-york,buffalo,Buffalo,55,90,5,5,5,5,0,0,0,3,f
ohio,youngstown,Youngstown,26,90,6,8,5,3,4,20,4,4,f
missouri,kansas-city,Kansas City,33,88,9,9,9,9,6,19,9,6,f
pennsylvania,york,York,19,87,11,8,9,18,4,12,4,0,f
new-hampshire,manchester,Manchester,16,87,13,11,9,7,7,18,4,6,f
wisconsin,milwaukee,Milwaukee,48,87,10,8,7,10,4,3,2,7,f
florida,clearwater,Clearwater,38,87,20,20,19,16,16,24,13,13,t
florida,st-petersburg,St. Petersburg,10,86,18,18,17,15,14,22,11,12,t
pennsylvania,reading,Reading,17,86,13,13,13,11,6,15,9,2,f
california,oxnard,Oxnard,12,85,34,25,21,15,13,0,24,29,t
texas,frisco,Frisco,27,85,16,19,13,14,8,7,6,3,t
pennsylvania,lancaster,Lancaster,21,84,10,9,10,16,4,14,6,2,f
north-carolina,charlotte,Charlotte,43,83,11,8,7,4,5,19,6,2,t
tennessee,nashville,Nashville,32,83,22,21,13,15,7,18,5,7,t
california,roseville,Roseville,40,82,15,12,14,5,10,4,15,12,t
tennessee,franklin,Franklin,10,81,21,20,13,16,7,17,6,7,f
california,oceanside,Oceanside,15,79,21,16,18,14,12,3,12,18,t
north-carolina,gastonia,Gastonia,13,78,8,8,6,4,5,17,4,0,f
kentucky,lexington,Lexington,34,78,9,9,7,7,8,8,8,9,f
north-carolina,raleigh,Raleigh,26,77,11,6,6,9,3,8,2,2,f
florida,orlando,Orlando,31,76,13,7,12,9,9,15,7,3,f
california,sacramento,Sacramento,20,75,14,11,13,5,9,4,14,11,f
ohio,newark,Newark,10,75,7,12,5,7,6,14,4,6,f
arizona,tucson,Tucson,70,74,6,6,4,6,4,25,1,0,t
north-carolina,greensboro,Greensboro,20,72,7,9,5,8,3,5,5,0,f
pennsylvania,butler,Butler,11,71,9,9,9,4,5,10,8,6,f
texas,fort-worth,Fort Worth,15,70,16,15,13,9,8,13,6,5,f
north-carolina,high-point,High Point,10,69,6,9,5,8,3,6,5,0,f
maryland,hagerstown,Hagerstown,18,69,3,2,2,6,0,4,0,0,f
kentucky,ashland,Ashland,15,69,4,3,1,2,4,15,1,3,f
pennsylvania,bethlehem,Bethlehem,13,68,11,11,13,10,6,13,6,2,f
new-jersey,toms-river,Toms River,11,67,10,13,12,7,6,6,8,5,f
washington,olympia,Olympia,11,67,10,7,8,6,3,27,6,1,f
ohio,springfield,Springfield,10,66,5,8,2,6,5,14,2,5,f
north-carolina,durham,Durham,19,66,10,7,7,8,4,7,2,2,f
utah,ogden,Ogden,20,65,7,9,8,2,5,1,6,2,f
north-carolina,winston-salem,Winston Salem,19,64,4,7,4,5,2,8,4,0,f
virginia,norfolk,Norfolk,14,62,14,13,13,5,12,5,7,13,f
pennsylvania,harrisburg,Harrisburg,15,62,8,5,6,12,3,7,3,0,f
hawaii,honolulu,Honolulu,22,61,0,0,0,0,0,0,0,0,f
california,san-jose,San Jose,17,60,7,5,7,5,5,0,6,5,f
virginia,virginia-beach,Virginia Beach,13,60,13,12,12,5,11,5,6,12,f
west-virginia,huntington,Huntington,10,58,1,0,0,0,1,9,0,0,f
tennessee,knoxville,Knoxville,28,56,10,9,6,6,5,16,2,3,f
new-york,poughkeepsie,Poughkeepsie,12,56,4,3,3,3,0,0,3,3,f
indiana,anderson,Anderson,10,55,10,1,1,1,0,7,0,9,f
arkansas,little-rock,Little Rock,24,55,6,8,6,7,3,19,8,3,f
nebraska,omaha,Omaha,40,54,8,8,8,8,7,16,7,0,f
maine,portland,Portland,17,54,6,6,5,5,2,1,2,6,f
new-mexico,albuquerque,Albuquerque,44,53,3,2,2,3,2,1,0,1,f
texas,austin,Austin,14,53,12,9,6,8,2,10,6,5,f
kentucky,pikeville,Pikeville,10,52,1,1,1,1,1,7,1,1,f
louisiana,new-orleans,New Orleans,19,52,14,12,10,13,10,14,2,2,f
washington,spokane,Spokane,30,51,8,7,4,5,4,20,2,2,f
texas,round-rock,Round Rock,26,50,12,9,6,8,2,9,6,5,t
new-york,albany,Albany,22,50,1,1,0,1,0,0,1,1,f
new-york,rochester,Rochester,37,50,10,10,9,10,8,0,1,1,f
pennsylvania,wilkes-barre,Wilkes Barre,11,50,5,5,5,4,4,8,4,3,f
kentucky,owensboro,Owensboro,14,49,0,0,0,0,0,7,0,0,f
michigan,grand-rapids,Grand Rapids,30,49,4,1,1,1,1,3,1,1,f
indiana,evansville,Evansville,22,48,0,0,0,0,0,6,0,0,f
virginia,richmond,Richmond,21,48,9,9,9,2,9,1,7,8,f
maryland,salisbury,Salisbury,12,47,11,9,7,1,5,3,6,0,f
illinois,rockford,Rockford,16,46,17,17,12,0,12,12,11,12,f
ohio,toledo,Toledo,24,46,5,10,4,9,8,6,1,4,f
florida,port-st-lucie,Port St. Lucie,19,45,9,7,5,6,3,9,2,1,t
north-carolina,fayetteville,Fayetteville,18,45,6,2,1,3,1,3,0,0,f
north-carolina,lumberton,Lumberton,13,45,4,1,1,2,1,3,1,0,f
california,santa-rosa,Santa Rosa,26,44,15,10,4,1,1,0,10,15,t
kentucky,prestonsburg,Prestonsburg,10,44,1,1,1,1,1,6,1,1,f
california,temecula,Temecula,14,42,6,5,5,3,3,0,5,5,t
florida,daytona-beach,Daytona Beach,17,42,1,1,1,0,0,7,0,1,f
florida,jacksonville,Jacksonville,29,42,6,7,6,2,5,12,5,1,f
iowa,des-moines,Des Moines,20,42,4,3,2,3,2,7,2,1,f
nevada,carson-city,Carson City,10,42,9,7,9,6,3,11,3,7,f
kentucky,elizabethtown,Elizabethtown,18,40,8,8,8,1,8,2,8,8,f
oklahoma,oklahoma-city,Oklahoma City,26,40,3,2,2,1,1,5,2,1,f
idaho,coeur-d-alene,Coeur d Alene,13,40,8,7,4,5,4,16,2,2,f
massachusetts,pittsfield,Pittsfield,12,40,2,1,2,0,1,0,0,1,f
florida,lakeland,Lakeland,22,39,12,12,10,9,10,11,8,6,t
alaska,wasilla,Wasilla,14,39,1,1,0,2,1,0,0,0,t
virginia,winchester,Winchester,19,39,2,1,2,0,2,0,1,2,f
tennessee,chattanooga,Chattanooga,19,39,6,6,4,4,4,11,0,0,f
louisiana,baton-rouge,Baton Rouge,26,38,1,1,1,1,1,16,1,0,f
tennessee,johnson-city,Johnson City,15,38,0,1,1,1,0,3,0,0,f
tennessee,memphis,Memphis,25,38,5,5,6,4,3,15,2,2,f
minnesota,duluth,Duluth,28,38,2,1,1,2,1,0,1,0,f
michigan,flint,Flint,16,37,4,4,4,4,3,8,3,4,f
north-carolina,asheville,Asheville,20,37,6,6,7,3,3,7,3,3,t
nevada,reno,Reno,18,37,9,7,9,6,3,10,3,7,t
california,stockton,Stockton,12,37,5,5,5,0,5,0,5,5,f
idaho,idaho-falls,Idaho Falls,25,36,4,4,1,3,1,0,3,1,f
new-york,syracuse,Syracuse,21,36,3,3,1,6,0,0,3,1,f
wisconsin,madison,Madison,32,36,4,1,2,3,2,1,1,2,f
indiana,fort-wayne,Fort Wayne,19,36,6,0,0,0,0,9,0,6,f
kansas,wichita,Wichita,25,36,4,3,3,2,0,10,3,0,t
texas,san-antonio,San Antonio,34,35,4,8,6,6,3,10,2,1,f
wisconsin,appleton,Appleton,10,35,3,1,1,3,1,1,1,3,f
oregon,eugene,Eugene,21,34,2,2,2,3,0,1,2,0,f
iowa,cedar-rapids,Cedar Rapids,17,33,1,0,0,0,0,0,0,0,f
indiana,columbus,Columbus,12,33,1,0,0,0,0,2,0,1,f
alaska,anchorage,Anchorage,27,33,3,2,2,2,1,1,1,1,f
indiana,richmond,Richmond,14,33,0,0,0,0,0,3,0,0,f
indiana,kokomo,Kokomo,14,33,7,5,1,4,1,6,1,7,f
alabama,birmingham,Birmingham,22,33,6,5,4,6,4,4,2,2,t
delaware,dover,Dover,11,33,3,4,2,2,2,3,2,0,f
california,fresno,Fresno,28,32,1,1,1,0,1,0,1,1,f
california,salinas,Salinas,24,32,3,3,3,2,2,1,2,3,t
oregon,salem,Salem,17,32,3,3,3,3,1,0,3,1,f
wisconsin,green-bay,Green Bay,14,32,3,1,1,3,1,1,1,3,f
kentucky,bowling-green,Bowling Green,17,31,4,4,3,2,3,1,3,4,f
ohio,mansfield,Mansfield,11,31,0,2,0,0,0,8,0,0,f
maine,bangor,Bangor,19,31,2,2,2,2,2,0,1,2,f
colorado,colorado-springs,Colorado Springs,26,31,7,7,7,7,6,1,6,4,f
michigan,saginaw,Saginaw,12,31,1,1,0,1,0,4,0,0,f
minnesota,saint-cloud,Saint Cloud,14,31,4,2,3,2,1,0,2,2,f
missouri,columbia,Columbia,13,31,3,4,3,2,2,6,3,3,f
kentucky,london,London,11,31,2,2,2,1,2,5,2,2,f
kentucky,morehead,Morehead,10,31,0,0,0,0,0,1,0,0,f
michigan,kalamazoo,Kalamazoo,11,30,3,2,2,2,2,3,2,2,f
pennsylvania,altoona,Altoona,10,30,3,2,2,0,1,2,2,1,f
ohio,chillicothe,Chillicothe,12,30,0,0,0,0,0,8,0,0,f
north-dakota,fargo,Fargo,21,29,0,0,0,0,0,0,0,0,f
north-carolina,goldsboro,Goldsboro,10,29,2,2,2,1,2,2,1,1,f
mississippi,jackson,Jackson,13,29,2,2,1,2,0,2,0,0,f
nebraska,lincoln,Lincoln,25,28,1,1,1,1,0,7,1,0,f
oklahoma,tulsa,Tulsa,22,28,0,0,0,0,0,2,0,0,f
indiana,bloomington,Bloomington,13,28,1,1,1,1,1,4,1,1,f
washington,bellingham,Bellingham,13,27,0,0,0,0,0,3,0,0,f
north-carolina,greenville,Greenville,12,27,2,1,0,1,0,1,0,0,f
tennessee,jackson,Jackson,13,27,7,6,6,5,5,6,2,1,f
utah,logan,Logan,10,27,1,3,3,1,0,0,1,0,f
arizona,prescott,Prescott,19,26,4,4,4,4,3,2,0,1,t
michigan,lansing,Lansing,15,26,6,5,4,4,4,5,5,5,f
pennsylvania,erie,Erie,20,26,1,1,1,4,1,2,1,1,f
missouri,joplin,Joplin,10,26,11,1,1,1,1,4,1,1,f
south-carolina,columbia,Columbia,12,26,1,1,1,1,1,5,0,0,f
missouri,springfield,Springfield,16,26,7,7,6,2,1,8,5,7,f
florida,fort-myers,Fort Myers,19,26,4,6,6,5,3,4,2,3,t
louisiana,lafayette,Lafayette,11,25,2,1,1,0,1,3,1,0,f
indiana,terre-haute,Terre Haute,13,25,6,0,0,6,0,9,0,6,f
california,modesto,Modesto,10,25,4,4,4,0,4,0,4,4,f
texas,college-station,College Station,16,24,4,2,3,2,2,3,3,1,t
kentucky,paducah,Paducah,13,24,4,3,3,2,3,4,3,3,f
washington,yakima,Yakima,16,24,5,5,5,0,0,9,0,0,f
texas,el-paso,El Paso,21,24,0,0,0,0,0,4,0,0,f
washington,longview,Longview,14,24,0,0,0,0,0,14,0,0,f
north-carolina,wilmington,Wilmington,17,23,4,4,3,4,1,3,4,0,f
louisiana,monroe,Monroe,12,23,2,3,2,3,2,3,2,1,f
oregon,bend,Bend,13,23,1,1,1,2,0,0,1,0,f
illinois,peoria,Peoria,14,23,0,2,2,2,2,4,2,0,f
georgia,athens,Athens,10,23,0,0,0,0,1,2,0,0,f
florida,sarasota,Sarasota,18,23,2,3,3,2,2,5,2,1,t
florida,ocala,Ocala,10,23,1,1,1,0,0,6,1,0,f
louisiana,shreveport,Shreveport,17,22,2,2,2,2,1,3,1,1,f
florida,pensacola,Pensacola,20,22,2,2,2,2,1,2,0,0,t
ohio,lima,Lima,10,22,1,2,1,0,0,5,0,1,f
idaho,pocatello,Pocatello,19,22,6,4,3,5,1,0,3,0,f
minnesota,rochester,Rochester,21,22,0,0,0,0,0,0,0,0,f
alabama,huntsville,Huntsville,11,21,5,4,2,4,3,1,1,1,f
utah,saint-george,Saint George,17,21,3,3,3,2,3,1,2,0,f
michigan,muskegon,Muskegon,10,20,1,0,0,0,0,4,1,1,f
iowa,sioux-city,Sioux City,15,19,4,4,4,0,4,1,4,4,f
california,santa-maria,Santa Maria,11,19,1,1,1,1,0,0,0,1,f
south-dakota,sioux-falls,Sioux Falls,17,19,2,2,2,2,0,0,2,0,f
west-virginia,charleston,Charleston,11,19,2,2,2,0,0,0,0,0,f
alabama,dothan,Dothan,10,19,0,0,0,0,0,4,0,0,f
arizona,yuma,Yuma,19,19,0,0,0,0,0,4,0,0,t
virginia,roanoke,Roanoke,11,19,4,4,2,2,3,0,2,4,f
wisconsin,eau-claire,Eau Claire,10,19,1,1,1,1,0,0,0,1,f
kansas,topeka,Topeka,10,18,1,1,1,1,1,6,1,1,f
minnesota,mankato,Mankato,11,18,0,0,0,0,0,0,0,0,f
florida,tallahassee,Tallahassee,11,18,0,0,0,0,0,6,0,0,f
california,bakersfield,Bakersfield,18,18,3,2,2,0,2,0,2,3,f
arizona,flagstaff,Flagstaff,15,17,0,0,0,1,0,1,0,0,t
georgia,savannah,Savannah,13,17,3,3,3,2,3,5,1,1,f
illinois,springfield,Springfield,12,17,3,3,3,3,3,0,0,0,f
maryland,cumberland,Cumberland,11,17,1,1,1,1,0,0,0,0,f
texas,beaumont,Beaumont,14,16,0,0,0,0,0,2,0,0,t
north-dakota,bismarck,Bismarck,15,16,0,0,0,0,0,0,0,0,f
florida,gainesville,Gainesville,15,16,1,1,1,0,1,6,0,0,t
california,redding,Redding,14,15,0,0,0,0,0,0,0,0,f
colorado,pueblo,Pueblo,14,15,0,0,0,0,0,0,0,0,f
texas,corpus-christi,Corpus Christi,12,15,0,0,0,0,0,7,0,0,f
south-dakota,rapid-city,Rapid City,13,15,1,0,0,0,0,0,0,0,f
nebraska,norfolk,Norfolk,13,14,0,0,0,0,0,5,0,0,f
texas,longview,Longview,13,13,2,1,2,0,1,4,1,1,t
minnesota,grand-rapids,Grand Rapids,11,13,4,4,4,4,4,0,4,0,f
montana,billings,Billings,12,13,2,1,1,1,0,0,1,0,f
montana,missoula,Missoula,12,13,4,2,2,2,0,1,1,1,f
texas,waco,Waco,12,12,2,2,2,0,2,3,2,0,t
new-mexico,las-cruces,Las Cruces,10,11,2,1,1,2,1,0,0,0,f
virginia,lynchburg,Lynchburg,10,11,3,0,0,1,0,0,1,3,f
texas,lubbock,Lubbock,10,10,0,0,0,0,0,2,0,0,f
montana,helena,Helena,10,10,1,0,0,0,0,0,0,0,f
texas,midland,Midland,10,7,0,0,0,0,0,2,0,0,t
